covariate,coef,exp(coef),se(coef),coef lower 95%,coef upper 95%,exp(coef) lower 95%,exp(coef) upper 95%,cmp to,z,p,-log2(p)
is_lcnc,0.4370267364870123,1.5480974671908496,0.2906307256034954,-0.13259901849658162,1.0066524914706063,0.8758162078083412,2.7364254583961567,0.0,1.5037182857370817,0.13265391890101236,2.9142607981707904
is_romania,0.09819275387584515,1.103175405951338,0.2921913371052803,-0.47449174344510614,0.6708772511967964,0.6222012139591125,1.9559524298451036,0.0,0.3360563487221562,0.7368283746885362,0.44059947532263516
lcnc_x_romania,0.5130100002010686,1.6703112732055958,0.5007884128311887,-0.4685172528230376,1.4945372532251748,0.6259296760172804,4.457273486615572,0.0,1.02440469279388,0.30564416634320507,1.7100750634235542
baseline_seniority,0.6575745588925176,1.9301052959053804,0.1071110029028128,0.44764085085503935,0.8675082669299958,1.564616663995903,2.380970712511695,0.0,6.139187768498145,8.294447961680264e-10,30.167134983298116
number_of_roles,0.18707477948944282,1.2057174446137602,0.03105172441511721,0.12621451797795002,0.2479350410009356,1.1345255183007334,1.2813766925430963,0.0,6.024618053043373,1.6950944185291182e-09,29.13598721876627
career_start_year,-0.007258445215146224,0.9927678336785811,0.02659107432768317,-0.05937599320763287,0.044859102777340426,0.942352384442405,1.0458804878708305,0.0,-0.272965474267795,0.7848797555935142,0.3494564463564823
